,Layer Name,Input Feature Map Location,Input upsampling ratio,Input channels,Input rows,Input columns,Input bytes,Output Feature Map Location,Output down sampling location,Output channels,Output rows,Output columns,Output bytes,Filter co-efficient Location,Filter upsampling ratio,Filter grouping,Filter rows,Filter columns,Filter bytes,Input feature map movement time,Filter co-efficient movement time,Output feature map data movement time,Total data movement time,Matrix compute time,Vector compute time,Total compute time,Serial total time,Parallel total time
0,input_4,0,1,3,299,299,268203,1,1,3,299,299,268203,0,0,0,0,0,0,2.68203e-05,0.0,0,2.68203e-05,0.0,0.0,0.0,2.68203e-05,2.68203e-05
1,conv2d,1,1,3,299,299,268203,1,2,32,149,149,710432,0,1,32,3,3,864,0.0,8.64e-08,0,8.64e-08,1.873209375e-05,0.0,1.873209375e-05,1.881849375e-05,1.873209375e-05
2,batch_normalization,1,1,32,149,149,710432,1,1,32,149,149,710432,0,0,0,0,0,0,0.0,0.0,0,0.0,0.0,2.2201e-05,2.2201e-05,2.2201e-05,2.2201e-05
3,activation_49,1,1,32,149,149,710432,1,1,32,149,149,710432,0,0,0,0,0,0,0.0,0.0,0,0.0,0.0,2.2201e-05,2.2201e-05,2.2201e-05,2.2201e-05
4,conv2d_1,1,1,32,149,149,710432,1,1,32,147,147,691488,0,1,32,3,3,9216,0.0,9.216e-07,0,9.216e-07,0.000194481,0.0,0.000194481,0.0001954026,0.000194481
5,batch_normalization_1,1,1,32,147,147,691488,1,1,32,147,147,691488,0,0,0,0,0,0,0.0,0.0,0,0.0,0.0,2.1609e-05,2.1609e-05,2.1609e-05,2.1609e-05
6,activation_50,1,1,32,147,147,691488,1,1,32,147,147,691488,0,0,0,0,0,0,0.0,0.0,0,0.0,0.0,2.1609e-05,2.1609e-05,2.1609e-05,2.1609e-05
7,conv2d_2,1,1,32,147,147,691488,1,1,64,147,147,1382976,0,1,64,3,3,18432,0.0,1.8432e-06,0,1.8432e-06,0.000388962,0.0,0.000388962,0.0003908052,0.000388962
8,batch_normalization_2,1,1,64,147,147,1382976,1,1,64,147,147,1382976,0,0,0,0,0,0,0.0,0.0,0,0.0,0.0,4.3218e-05,4.3218e-05,4.3218e-05,4.3218e-05
9,activation_51,1,1,64,147,147,1382976,1,1,64,147,147,1382976,0,0,0,0,0,0,0.0,0.0,0,0.0,0.0,4.3218e-05,4.3218e-05,4.3218e-05,4.3218e-05
10,max_pooling2d_1,1,1,64,147,147,1382976,1,2,64,73,73,341056,0,0,0,0,0,0,0.0,0.0,0,0.0,0.0,4.3218e-05,4.3218e-05,4.3218e-05,4.3218e-05
11,conv2d_3,1,1,64,73,73,341056,1,1,80,73,73,426320,0,1,80,1,1,5120,0.0,5.12e-07,0,5.12e-07,2.6645e-05,0.0,2.6645e-05,2.7157e-05,2.6645e-05
12,batch_normalization_3,1,1,80,73,73,426320,1,1,80,73,73,426320,0,0,0,0,0,0,0.0,0.0,0,0.0,0.0,1.33225e-05,1.33225e-05,1.33225e-05,1.33225e-05
13,activation_52,1,1,80,73,73,426320,1,1,80,73,73,426320,0,0,0,0,0,0,0.0,0.0,0,0.0,0.0,1.33225e-05,1.33225e-05,1.33225e-05,1.33225e-05
14,conv2d_4,1,1,80,73,73,426320,1,1,192,71,71,967872,0,1,192,3,3,138240,0.0,1.3824e-05,0,1.3824e-05,0.000680535,0.0,0.000680535,0.000694359,0.000680535
15,batch_normalization_4,1,1,192,71,71,967872,1,1,192,71,71,967872,0,0,0,0,0,0,0.0,0.0,0,0.0,0.0,3.0246e-05,3.0246e-05,3.0246e-05,3.0246e-05
16,activation_53,1,1,192,71,71,967872,1,1,192,71,71,967872,0,0,0,0,0,0,0.0,0.0,0,0.0,0.0,3.0246e-05,3.0246e-05,3.0246e-05,3.0246e-05
17,max_pooling2d_2,1,1,192,71,71,967872,1,2,192,35,35,235200,0,0,0,0,0,0,0.0,0.0,0,0.0,0.0,3.0246e-05,3.0246e-05,3.0246e-05,3.0246e-05
18,conv2d_8,1,1,192,35,35,235200,1,1,64,35,35,78400,0,1,64,1,1,12288,0.0,1.2288e-06,0,1.2288e-06,1.47e-05,0.0,1.47e-05,1.59288e-05,1.47e-05
19,batch_normalization_8,1,1,64,35,35,78400,1,1,64,35,35,78400,0,0,0,0,0,0,0.0,0.0,0,0.0,0.0,2.45e-06,2.45e-06,2.45e-06,2.45e-06
20,activation_57,1,1,64,35,35,78400,1,1,64,35,35,78400,0,0,0,0,0,0,0.0,0.0,0,0.0,0.0,2.45e-06,2.45e-06,2.45e-06,2.45e-06
21,conv2d_6,1,1,192,35,35,235200,1,1,48,35,35,58800,0,1,48,1,1,9216,0.0,9.216e-07,0,9.216e-07,1.1025e-05,0.0,1.1025e-05,1.19466e-05,1.1025e-05
22,conv2d_9,1,1,64,35,35,78400,1,1,96,35,35,117600,0,1,96,3,3,55296,0.0,5.5296e-06,0,5.5296e-06,6.615e-05,0.0,6.615e-05,7.167959999999999e-05,6.615e-05
23,batch_normalization_6,1,1,48,35,35,58800,1,1,48,35,35,58800,0,0,0,0,0,0,0.0,0.0,0,0.0,0.0,1.8375e-06,1.8375e-06,1.8375e-06,1.8375e-06
24,batch_normalization_9,1,1,96,35,35,117600,1,1,96,35,35,117600,0,0,0,0,0,0,0.0,0.0,0,0.0,0.0,3.675e-06,3.675e-06,3.675e-06,3.675e-06
25,activation_55,1,1,48,35,35,58800,1,1,48,35,35,58800,0,0,0,0,0,0,0.0,0.0,0,0.0,0.0,1.8375e-06,1.8375e-06,1.8375e-06,1.8375e-06
26,activation_58,1,1,96,35,35,117600,1,1,96,35,35,117600,0,0,0,0,0,0,0.0,0.0,0,0.0,0.0,3.675e-06,3.675e-06,3.675e-06,3.675e-06
27,average_pooling2d,1,1,192,35,35,235200,1,1,96,35,35,117600,0,0,0,0,0,0,0.0,0.0,0,0.0,0.0,7.35e-06,7.35e-06,7.35e-06,7.35e-06
28,conv2d_5,1,1,192,35,35,235200,1,1,64,35,35,78400,0,1,64,1,1,12288,0.0,1.2288e-06,0,1.2288e-06,1.47e-05,0.0,1.47e-05,1.59288e-05,1.47e-05
29,conv2d_7,1,1,48,35,35,58800,1,1,64,35,35,78400,0,1,64,5,5,76800,0.0,7.68e-06,0,7.68e-06,9.1875e-05,0.0,9.1875e-05,9.955499999999999e-05,9.1875e-05
30,conv2d_10,1,1,96,35,35,117600,1,1,96,35,35,117600,0,1,96,3,3,82944,0.0,8.2944e-06,0,8.2944e-06,9.9225e-05,0.0,9.9225e-05,0.0001075194,9.9225e-05
31,conv2d_11,1,1,96,35,35,117600,1,1,32,35,35,39200,0,1,32,1,1,3072,0.0,3.072e-07,0,3.072e-07,3.675e-06,0.0,3.675e-06,3.9822e-06,3.675e-06
32,batch_normalization_5,1,1,64,35,35,78400,1,1,64,35,35,78400,0,0,0,0,0,0,0.0,0.0,0,0.0,0.0,2.45e-06,2.45e-06,2.45e-06,2.45e-06
33,batch_normalization_7,1,1,64,35,35,78400,1,1,64,35,35,78400,0,0,0,0,0,0,0.0,0.0,0,0.0,0.0,2.45e-06,2.45e-06,2.45e-06,2.45e-06
34,batch_normalization_10,1,1,96,35,35,117600,1,1,96,35,35,117600,0,0,0,0,0,0,0.0,0.0,0,0.0,0.0,3.675e-06,3.675e-06,3.675e-06,3.675e-06
35,batch_normalization_11,1,1,32,35,35,39200,1,1,32,35,35,39200,0,0,0,0,0,0,0.0,0.0,0,0.0,0.0,1.225e-06,1.225e-06,1.225e-06,1.225e-06
36,activation_54,1,1,64,35,35,78400,1,1,64,35,35,78400,0,0,0,0,0,0,0.0,0.0,0,0.0,0.0,2.45e-06,2.45e-06,2.45e-06,2.45e-06
37,activation_56,1,1,64,35,35,78400,1,1,64,35,35,78400,0,0,0,0,0,0,0.0,0.0,0,0.0,0.0,2.45e-06,2.45e-06,2.45e-06,2.45e-06
38,activation_59,1,1,96,35,35,117600,1,1,96,35,35,117600,0,0,0,0,0,0,0.0,0.0,0,0.0,0.0,3.675e-06,3.675e-06,3.675e-06,3.675e-06
39,activation_60,1,1,32,35,35,39200,1,1,32,35,35,39200,0,0,0,0,0,0,0.0,0.0,0,0.0,0.0,1.225e-06,1.225e-06,1.225e-06,1.225e-06
40,mixed0,1,1,32,35,35,313600,1,1,256,35,35,313600,0,0,0,0,0,0,2.744e-05,0.0,0,2.744e-05,0.0,0.0,0.0,2.744e-05,2.744e-05
41,conv2d_15,1,1,256,35,35,313600,1,1,64,35,35,78400,0,1,64,1,1,16384,0.0,1.6384e-06,0,1.6384e-06,1.96e-05,0.0,1.96e-05,2.12384e-05,1.96e-05
42,batch_normalization_15,1,1,64,35,35,78400,1,1,64,35,35,78400,0,0,0,0,0,0,0.0,0.0,0,0.0,0.0,2.45e-06,2.45e-06,2.45e-06,2.45e-06
43,activation_64,1,1,64,35,35,78400,1,1,64,35,35,78400,0,0,0,0,0,0,0.0,0.0,0,0.0,0.0,2.45e-06,2.45e-06,2.45e-06,2.45e-06
44,conv2d_13,1,1,256,35,35,313600,1,1,48,35,35,58800,0,1,48,1,1,12288,0.0,1.2288e-06,0,1.2288e-06,1.47e-05,0.0,1.47e-05,1.59288e-05,1.47e-05
45,conv2d_16,1,1,64,35,35,78400,1,1,96,35,35,117600,0,1,96,3,3,55296,0.0,5.5296e-06,0,5.5296e-06,6.615e-05,0.0,6.615e-05,7.167959999999999e-05,6.615e-05
46,batch_normalization_13,1,1,48,35,35,58800,1,1,48,35,35,58800,0,0,0,0,0,0,0.0,0.0,0,0.0,0.0,1.8375e-06,1.8375e-06,1.8375e-06,1.8375e-06
47,batch_normalization_16,1,1,96,35,35,117600,1,1,96,35,35,117600,0,0,0,0,0,0,0.0,0.0,0,0.0,0.0,3.675e-06,3.675e-06,3.675e-06,3.675e-06
48,activation_62,1,1,48,35,35,58800,1,1,48,35,35,58800,0,0,0,0,0,0,0.0,0.0,0,0.0,0.0,1.8375e-06,1.8375e-06,1.8375e-06,1.8375e-06
49,activation_65,1,1,96,35,35,117600,1,1,96,35,35,117600,0,0,0,0,0,0,0.0,0.0,0,0.0,0.0,3.675e-06,3.675e-06,3.675e-06,3.675e-06
50,average_pooling2d_1,1,1,256,35,35,313600,1,1,96,35,35,117600,0,0,0,0,0,0,0.0,0.0,0,0.0,0.0,9.8e-06,9.8e-06,9.8e-06,9.8e-06
51,conv2d_12,1,1,256,35,35,313600,1,1,64,35,35,78400,0,1,64,1,1,16384,0.0,1.6384e-06,0,1.6384e-06,1.96e-05,0.0,1.96e-05,2.12384e-05,1.96e-05
52,conv2d_14,1,1,48,35,35,58800,1,1,64,35,35,78400,0,1,64,5,5,76800,0.0,7.68e-06,0,7.68e-06,9.1875e-05,0.0,9.1875e-05,9.955499999999999e-05,9.1875e-05
53,conv2d_17,1,1,96,35,35,117600,1,1,96,35,35,117600,0,1,96,3,3,82944,0.0,8.2944e-06,0,8.2944e-06,9.9225e-05,0.0,9.9225e-05,0.0001075194,9.9225e-05
54,conv2d_18,1,1,96,35,35,117600,1,1,64,35,35,78400,0,1,64,1,1,6144,0.0,6.144e-07,0,6.144e-07,7.35e-06,0.0,7.35e-06,7.9644e-06,7.35e-06
55,batch_normalization_12,1,1,64,35,35,78400,1,1,64,35,35,78400,0,0,0,0,0,0,0.0,0.0,0,0.0,0.0,2.45e-06,2.45e-06,2.45e-06,2.45e-06
56,batch_normalization_14,1,1,64,35,35,78400,1,1,64,35,35,78400,0,0,0,0,0,0,0.0,0.0,0,0.0,0.0,2.45e-06,2.45e-06,2.45e-06,2.45e-06
57,batch_normalization_17,1,1,96,35,35,117600,1,1,96,35,35,117600,0,0,0,0,0,0,0.0,0.0,0,0.0,0.0,3.675e-06,3.675e-06,3.675e-06,3.675e-06
58,batch_normalization_18,1,1,64,35,35,78400,1,1,64,35,35,78400,0,0,0,0,0,0,0.0,0.0,0,0.0,0.0,2.45e-06,2.45e-06,2.45e-06,2.45e-06
59,activation_61,1,1,64,35,35,78400,1,1,64,35,35,78400,0,0,0,0,0,0,0.0,0.0,0,0.0,0.0,2.45e-06,2.45e-06,2.45e-06,2.45e-06
60,activation_63,1,1,64,35,35,78400,1,1,64,35,35,78400,0,0,0,0,0,0,0.0,0.0,0,0.0,0.0,2.45e-06,2.45e-06,2.45e-06,2.45e-06
61,activation_66,1,1,96,35,35,117600,1,1,96,35,35,117600,0,0,0,0,0,0,0.0,0.0,0,0.0,0.0,3.675e-06,3.675e-06,3.675e-06,3.675e-06
62,activation_67,1,1,64,35,35,78400,1,1,64,35,35,78400,0,0,0,0,0,0,0.0,0.0,0,0.0,0.0,2.45e-06,2.45e-06,2.45e-06,2.45e-06
63,mixed1,1,1,64,35,35,352800,1,1,288,35,35,352800,0,0,0,0,0,0,2.744e-05,0.0,0,2.744e-05,0.0,0.0,0.0,2.744e-05,2.744e-05
64,conv2d_22,1,1,288,35,35,352800,1,1,64,35,35,78400,0,1,64,1,1,18432,0.0,1.8432e-06,0,1.8432e-06,2.205e-05,0.0,2.205e-05,2.38932e-05,2.205e-05
65,batch_normalization_22,1,1,64,35,35,78400,1,1,64,35,35,78400,0,0,0,0,0,0,0.0,0.0,0,0.0,0.0,2.45e-06,2.45e-06,2.45e-06,2.45e-06
66,activation_71,1,1,64,35,35,78400,1,1,64,35,35,78400,0,0,0,0,0,0,0.0,0.0,0,0.0,0.0,2.45e-06,2.45e-06,2.45e-06,2.45e-06
67,conv2d_20,1,1,288,35,35,352800,1,1,48,35,35,58800,0,1,48,1,1,13824,0.0,1.3824e-06,0,1.3824e-06,1.65375e-05,0.0,1.65375e-05,1.7919899999999998e-05,1.65375e-05
68,conv2d_23,1,1,64,35,35,78400,1,1,96,35,35,117600,0,1,96,3,3,55296,0.0,5.5296e-06,0,5.5296e-06,6.615e-05,0.0,6.615e-05,7.167959999999999e-05,6.615e-05
69,batch_normalization_20,1,1,48,35,35,58800,1,1,48,35,35,58800,0,0,0,0,0,0,0.0,0.0,0,0.0,0.0,1.8375e-06,1.8375e-06,1.8375e-06,1.8375e-06
70,batch_normalization_23,1,1,96,35,35,117600,1,1,96,35,35,117600,0,0,0,0,0,0,0.0,0.0,0,0.0,0.0,3.675e-06,3.675e-06,3.675e-06,3.675e-06
71,activation_69,1,1,48,35,35,58800,1,1,48,35,35,58800,0,0,0,0,0,0,0.0,0.0,0,0.0,0.0,1.8375e-06,1.8375e-06,1.8375e-06,1.8375e-06
72,activation_72,1,1,96,35,35,117600,1,1,96,35,35,117600,0,0,0,0,0,0,0.0,0.0,0,0.0,0.0,3.675e-06,3.675e-06,3.675e-06,3.675e-06
73,average_pooling2d_2,1,1,288,35,35,352800,1,1,96,35,35,117600,0,0,0,0,0,0,0.0,0.0,0,0.0,0.0,1.1025e-05,1.1025e-05,1.1025e-05,1.1025e-05
74,conv2d_19,1,1,288,35,35,352800,1,1,64,35,35,78400,0,1,64,1,1,18432,0.0,1.8432e-06,0,1.8432e-06,2.205e-05,0.0,2.205e-05,2.38932e-05,2.205e-05
75,conv2d_21,1,1,48,35,35,58800,1,1,64,35,35,78400,0,1,64,5,5,76800,0.0,7.68e-06,0,7.68e-06,9.1875e-05,0.0,9.1875e-05,9.955499999999999e-05,9.1875e-05
76,conv2d_24,1,1,96,35,35,117600,1,1,96,35,35,117600,0,1,96,3,3,82944,0.0,8.2944e-06,0,8.2944e-06,9.9225e-05,0.0,9.9225e-05,0.0001075194,9.9225e-05
77,conv2d_25,1,1,96,35,35,117600,1,1,64,35,35,78400,0,1,64,1,1,6144,0.0,6.144e-07,0,6.144e-07,7.35e-06,0.0,7.35e-06,7.9644e-06,7.35e-06
78,batch_normalization_19,1,1,64,35,35,78400,1,1,64,35,35,78400,0,0,0,0,0,0,0.0,0.0,0,0.0,0.0,2.45e-06,2.45e-06,2.45e-06,2.45e-06
79,batch_normalization_21,1,1,64,35,35,78400,1,1,64,35,35,78400,0,0,0,0,0,0,0.0,0.0,0,0.0,0.0,2.45e-06,2.45e-06,2.45e-06,2.45e-06
80,batch_normalization_24,1,1,96,35,35,117600,1,1,96,35,35,117600,0,0,0,0,0,0,0.0,0.0,0,0.0,0.0,3.675e-06,3.675e-06,3.675e-06,3.675e-06
81,batch_normalization_25,1,1,64,35,35,78400,1,1,64,35,35,78400,0,0,0,0,0,0,0.0,0.0,0,0.0,0.0,2.45e-06,2.45e-06,2.45e-06,2.45e-06
82,activation_68,1,1,64,35,35,78400,1,1,64,35,35,78400,0,0,0,0,0,0,0.0,0.0,0,0.0,0.0,2.45e-06,2.45e-06,2.45e-06,2.45e-06
83,activation_70,1,1,64,35,35,78400,1,1,64,35,35,78400,0,0,0,0,0,0,0.0,0.0,0,0.0,0.0,2.45e-06,2.45e-06,2.45e-06,2.45e-06
84,activation_73,1,1,96,35,35,117600,1,1,96,35,35,117600,0,0,0,0,0,0,0.0,0.0,0,0.0,0.0,3.675e-06,3.675e-06,3.675e-06,3.675e-06
85,activation_74,1,1,64,35,35,78400,1,1,64,35,35,78400,0,0,0,0,0,0,0.0,0.0,0,0.0,0.0,2.45e-06,2.45e-06,2.45e-06,2.45e-06
86,mixed2,1,1,64,35,35,352800,1,1,288,35,35,352800,0,0,0,0,0,0,2.744e-05,0.0,0,2.744e-05,0.0,0.0,0.0,2.744e-05,2.744e-05
87,conv2d_27,1,1,288,35,35,352800,1,1,64,35,35,78400,0,1,64,1,1,18432,0.0,1.8432e-06,0,1.8432e-06,2.205e-05,0.0,2.205e-05,2.38932e-05,2.205e-05
88,batch_normalization_27,1,1,64,35,35,78400,1,1,64,35,35,78400,0,0,0,0,0,0,0.0,0.0,0,0.0,0.0,2.45e-06,2.45e-06,2.45e-06,2.45e-06
89,activation_76,1,1,64,35,35,78400,1,1,64,35,35,78400,0,0,0,0,0,0,0.0,0.0,0,0.0,0.0,2.45e-06,2.45e-06,2.45e-06,2.45e-06
90,conv2d_28,1,1,64,35,35,78400,1,1,96,35,35,117600,0,1,96,3,3,55296,0.0,5.5296e-06,0,5.5296e-06,6.615e-05,0.0,6.615e-05,7.167959999999999e-05,6.615e-05
91,batch_normalization_28,1,1,96,35,35,117600,1,1,96,35,35,117600,0,0,0,0,0,0,0.0,0.0,0,0.0,0.0,3.675e-06,3.675e-06,3.675e-06,3.675e-06
92,activation_77,1,1,96,35,35,117600,1,1,96,35,35,117600,0,0,0,0,0,0,0.0,0.0,0,0.0,0.0,3.675e-06,3.675e-06,3.675e-06,3.675e-06
93,conv2d_26,1,1,288,35,35,352800,1,2,384,17,17,110976,0,1,384,3,3,995328,0.0,9.95328e-05,0,9.95328e-05,0.000280908,0.0,0.000280908,0.0003804408,0.000280908
94,conv2d_29,1,1,96,35,35,117600,1,2,96,17,17,27744,0,1,96,3,3,82944,0.0,8.2944e-06,0,8.2944e-06,2.3409e-05,0.0,2.3409e-05,3.17034e-05,2.3409e-05
95,batch_normalization_26,1,1,384,17,17,110976,1,1,384,17,17,110976,0,0,0,0,0,0,0.0,0.0,0,0.0,0.0,3.468e-06,3.468e-06,3.468e-06,3.468e-06
96,batch_normalization_29,1,1,96,17,17,27744,1,1,96,17,17,27744,0,0,0,0,0,0,0.0,0.0,0,0.0,0.0,8.67e-07,8.67e-07,8.67e-07,8.67e-07
97,activation_75,1,1,384,17,17,110976,1,1,384,17,17,110976,0,0,0,0,0,0,0.0,0.0,0,0.0,0.0,3.468e-06,3.468e-06,3.468e-06,3.468e-06
98,activation_78,1,1,96,17,17,27744,1,1,96,17,17,27744,0,0,0,0,0,0,0.0,0.0,0,0.0,0.0,8.67e-07,8.67e-07,8.67e-07,8.67e-07
99,max_pooling2d_3,1,1,288,35,35,352800,1,2,96,17,17,27744,0,0,0,0,0,0,0.0,0.0,0,0.0,0.0,1.1025e-05,1.1025e-05,1.1025e-05,1.1025e-05
100,mixed3,1,1,96,17,17,166464,1,1,576,17,17,166464,0,0,0,0,0,0,1.3872e-05,0.0,0,1.3872e-05,0.0,0.0,0.0,1.3872e-05,1.3872e-05
101,conv2d_34,1,1,576,17,17,166464,1,1,128,17,17,36992,0,1,128,1,1,73728,0.0,7.3728e-06,0,7.3728e-06,2.0808e-05,0.0,2.0808e-05,2.81808e-05,2.0808e-05
102,batch_normalization_34,1,1,128,17,17,36992,1,1,128,17,17,36992,0,0,0,0,0,0,0.0,0.0,0,0.0,0.0,1.156e-06,1.156e-06,1.156e-06,1.156e-06
103,activation_83,1,1,128,17,17,36992,1,1,128,17,17,36992,0,0,0,0,0,0,0.0,0.0,0,0.0,0.0,1.156e-06,1.156e-06,1.156e-06,1.156e-06
104,conv2d_35,1,1,128,17,17,36992,1,1,128,11,23,32384,0,1,128,7,1,114688,0.0,1.14688e-05,0,1.14688e-05,3.2368e-05,0.0,3.2368e-05,4.38368e-05,3.2368e-05
105,batch_normalization_35,1,1,128,11,23,32384,1,1,128,11,23,32384,0,0,0,0,0,0,0.0,0.0,0,0.0,0.0,1.012e-06,1.012e-06,1.012e-06,1.012e-06
106,activation_84,1,1,128,11,23,32384,1,1,128,11,23,32384,0,0,0,0,0,0,0.0,0.0,0,0.0,0.0,1.012e-06,1.012e-06,1.012e-06,1.012e-06
107,conv2d_31,1,1,576,17,17,166464,1,1,128,17,17,36992,0,1,128,1,1,73728,0.0,7.3728e-06,0,7.3728e-06,2.0808e-05,0.0,2.0808e-05,2.81808e-05,2.0808e-05
108,conv2d_36,1,1,128,11,23,32384,1,1,128,17,17,36992,0,1,128,1,7,114688,0.0,1.14688e-05,0,1.14688e-05,2.8336e-05,0.0,2.8336e-05,3.98048e-05,2.8336e-05
109,batch_normalization_31,1,1,128,17,17,36992,1,1,128,17,17,36992,0,0,0,0,0,0,0.0,0.0,0,0.0,0.0,1.156e-06,1.156e-06,1.156e-06,1.156e-06
110,batch_normalization_36,1,1,128,17,17,36992,1,1,128,17,17,36992,0,0,0,0,0,0,0.0,0.0,0,0.0,0.0,1.156e-06,1.156e-06,1.156e-06,1.156e-06
111,activation_80,1,1,128,17,17,36992,1,1,128,17,17,36992,0,0,0,0,0,0,0.0,0.0,0,0.0,0.0,1.156e-06,1.156e-06,1.156e-06,1.156e-06
112,activation_85,1,1,128,17,17,36992,1,1,128,17,17,36992,0,0,0,0,0,0,0.0,0.0,0,0.0,0.0,1.156e-06,1.156e-06,1.156e-06,1.156e-06
113,conv2d_32,1,1,128,17,17,36992,1,1,128,23,11,32384,0,1,128,1,7,114688,0.0,1.14688e-05,0,1.14688e-05,3.2368e-05,0.0,3.2368e-05,4.38368e-05,3.2368e-05
114,conv2d_37,1,1,128,17,17,36992,1,1,128,11,23,32384,0,1,128,7,1,114688,0.0,1.14688e-05,0,1.14688e-05,3.2368e-05,0.0,3.2368e-05,4.38368e-05,3.2368e-05
115,batch_normalization_32,1,1,128,23,11,32384,1,1,128,23,11,32384,0,0,0,0,0,0,0.0,0.0,0,0.0,0.0,1.012e-06,1.012e-06,1.012e-06,1.012e-06
116,batch_normalization_37,1,1,128,11,23,32384,1,1,128,11,23,32384,0,0,0,0,0,0,0.0,0.0,0,0.0,0.0,1.012e-06,1.012e-06,1.012e-06,1.012e-06
117,activation_81,1,1,128,23,11,32384,1,1,128,23,11,32384,0,0,0,0,0,0,0.0,0.0,0,0.0,0.0,1.012e-06,1.012e-06,1.012e-06,1.012e-06
118,activation_86,1,1,128,11,23,32384,1,1,128,11,23,32384,0,0,0,0,0,0,0.0,0.0,0,0.0,0.0,1.012e-06,1.012e-06,1.012e-06,1.012e-06
119,average_pooling2d_3,1,1,576,17,17,166464,1,1,128,15,21,40320,0,0,0,0,0,0,0.0,0.0,0,0.0,0.0,5.202e-06,5.202e-06,5.202e-06,5.202e-06
120,conv2d_30,1,1,576,17,17,166464,1,1,192,17,17,55488,0,1,192,1,1,110592,0.0,1.10592e-05,0,1.10592e-05,3.1212e-05,0.0,3.1212e-05,4.22712e-05,3.1212e-05
121,conv2d_33,1,1,128,23,11,32384,1,1,192,17,17,55488,0,1,192,7,1,172032,0.0,1.72032e-05,0,1.72032e-05,4.2504e-05,0.0,4.2504e-05,5.97072e-05,4.2504e-05
122,conv2d_38,1,1,128,11,23,32384,1,1,192,17,17,55488,0,1,192,1,7,172032,0.0,1.72032e-05,0,1.72032e-05,4.2504e-05,0.0,4.2504e-05,5.97072e-05,4.2504e-05
123,conv2d_39,1,1,128,15,21,40320,1,1,192,15,21,60480,0,1,192,1,1,24576,0.0,2.4576e-06,0,2.4576e-06,7.56e-06,0.0,7.56e-06,1.00176e-05,7.56e-06
124,batch_normalization_30,1,1,192,17,17,55488,1,1,192,17,17,55488,0,0,0,0,0,0,0.0,0.0,0,0.0,0.0,1.734e-06,1.734e-06,1.734e-06,1.734e-06
125,batch_normalization_33,1,1,192,17,17,55488,1,1,192,17,17,55488,0,0,0,0,0,0,0.0,0.0,0,0.0,0.0,1.734e-06,1.734e-06,1.734e-06,1.734e-06
126,batch_normalization_38,1,1,192,17,17,55488,1,1,192,17,17,55488,0,0,0,0,0,0,0.0,0.0,0,0.0,0.0,1.734e-06,1.734e-06,1.734e-06,1.734e-06
127,batch_normalization_39,1,1,192,15,21,60480,1,1,192,15,21,60480,0,0,0,0,0,0,0.0,0.0,0,0.0,0.0,1.89e-06,1.89e-06,1.89e-06,1.89e-06
128,activation_79,1,1,192,17,17,55488,1,1,192,17,17,55488,0,0,0,0,0,0,0.0,0.0,0,0.0,0.0,1.734e-06,1.734e-06,1.734e-06,1.734e-06
129,activation_82,1,1,192,17,17,55488,1,1,192,17,17,55488,0,0,0,0,0,0,0.0,0.0,0,0.0,0.0,1.734e-06,1.734e-06,1.734e-06,1.734e-06
130,activation_87,1,1,192,17,17,55488,1,1,192,17,17,55488,0,0,0,0,0,0,0.0,0.0,0,0.0,0.0,1.734e-06,1.734e-06,1.734e-06,1.734e-06
131,activation_88,1,1,192,15,21,60480,1,1,192,15,21,60480,0,0,0,0,0,0,0.0,0.0,0,0.0,0.0,1.89e-06,1.89e-06,1.89e-06,1.89e-06
132,mixed4,1,1,192,15,21,226944,1,1,768,15,21,241920,0,0,0,0,0,0,1.66464e-05,0.0,0,1.66464e-05,0.0,0.0,0.0,1.66464e-05,1.66464e-05
133,conv2d_44,1,1,768,15,21,241920,1,1,160,15,21,50400,0,1,160,1,1,122880,0.0,1.2288e-05,0,1.2288e-05,3.78e-05,0.0,3.78e-05,5.0088e-05,3.78e-05
134,batch_normalization_44,1,1,160,15,21,50400,1,1,160,15,21,50400,0,0,0,0,0,0,0.0,0.0,0,0.0,0.0,1.575e-06,1.575e-06,1.575e-06,1.575e-06
135,activation_93,1,1,160,15,21,50400,1,1,160,15,21,50400,0,0,0,0,0,0,0.0,0.0,0,0.0,0.0,1.575e-06,1.575e-06,1.575e-06,1.575e-06
136,conv2d_45,1,1,160,15,21,50400,1,1,160,9,27,38880,0,1,160,7,1,179200,0.0,1.792e-05,0,1.792e-05,5.5125e-05,0.0,5.5125e-05,7.3045e-05,5.5125e-05
137,batch_normalization_45,1,1,160,9,27,38880,1,1,160,9,27,38880,0,0,0,0,0,0,0.0,0.0,0,0.0,0.0,1.215e-06,1.215e-06,1.215e-06,1.215e-06
138,activation_94,1,1,160,9,27,38880,1,1,160,9,27,38880,0,0,0,0,0,0,0.0,0.0,0,0.0,0.0,1.215e-06,1.215e-06,1.215e-06,1.215e-06
139,conv2d_41,1,1,768,15,21,241920,1,1,160,15,21,50400,0,1,160,1,1,122880,0.0,1.2288e-05,0,1.2288e-05,3.78e-05,0.0,3.78e-05,5.0088e-05,3.78e-05
140,conv2d_46,1,1,160,9,27,38880,1,1,160,15,21,50400,0,1,160,1,7,179200,0.0,1.792e-05,0,1.792e-05,4.2525e-05,0.0,4.2525e-05,6.0444999999999995e-05,4.2525e-05
141,batch_normalization_41,1,1,160,15,21,50400,1,1,160,15,21,50400,0,0,0,0,0,0,0.0,0.0,0,0.0,0.0,1.575e-06,1.575e-06,1.575e-06,1.575e-06
142,batch_normalization_46,1,1,160,15,21,50400,1,1,160,15,21,50400,0,0,0,0,0,0,0.0,0.0,0,0.0,0.0,1.575e-06,1.575e-06,1.575e-06,1.575e-06
143,activation_90,1,1,160,15,21,50400,1,1,160,15,21,50400,0,0,0,0,0,0,0.0,0.0,0,0.0,0.0,1.575e-06,1.575e-06,1.575e-06,1.575e-06
144,activation_95,1,1,160,15,21,50400,1,1,160,15,21,50400,0,0,0,0,0,0,0.0,0.0,0,0.0,0.0,1.575e-06,1.575e-06,1.575e-06,1.575e-06
145,conv2d_42,1,1,160,15,21,50400,1,1,160,21,15,50400,0,1,160,1,7,179200,0.0,1.792e-05,0,1.792e-05,5.5125e-05,0.0,5.5125e-05,7.3045e-05,5.5125e-05
146,conv2d_47,1,1,160,15,21,50400,1,1,160,9,27,38880,0,1,160,7,1,179200,0.0,1.792e-05,0,1.792e-05,5.5125e-05,0.0,5.5125e-05,7.3045e-05,5.5125e-05
147,batch_normalization_42,1,1,160,21,15,50400,1,1,160,21,15,50400,0,0,0,0,0,0,0.0,0.0,0,0.0,0.0,1.575e-06,1.575e-06,1.575e-06,1.575e-06
148,batch_normalization_47,1,1,160,9,27,38880,1,1,160,9,27,38880,0,0,0,0,0,0,0.0,0.0,0,0.0,0.0,1.215e-06,1.215e-06,1.215e-06,1.215e-06
149,activation_91,1,1,160,21,15,50400,1,1,160,21,15,50400,0,0,0,0,0,0,0.0,0.0,0,0.0,0.0,1.575e-06,1.575e-06,1.575e-06,1.575e-06
150,activation_96,1,1,160,9,27,38880,1,1,160,9,27,38880,0,0,0,0,0,0,0.0,0.0,0,0.0,0.0,1.215e-06,1.215e-06,1.215e-06,1.215e-06
151,average_pooling2d_4,1,1,768,15,21,241920,1,1,160,13,25,52000,0,0,0,0,0,0,0.0,0.0,0,0.0,0.0,7.56e-06,7.56e-06,7.56e-06,7.56e-06
152,conv2d_40,1,1,768,15,21,241920,1,1,192,15,21,60480,0,1,192,1,1,147456,0.0,1.47456e-05,0,1.47456e-05,4.536e-05,0.0,4.536e-05,6.0105599999999996e-05,4.536e-05
153,conv2d_43,1,1,160,21,15,50400,1,1,192,15,21,60480,0,1,192,7,1,215040,0.0,2.1504e-05,0,2.1504e-05,6.615e-05,0.0,6.615e-05,8.7654e-05,6.615e-05
154,conv2d_48,1,1,160,9,27,38880,1,1,192,15,21,60480,0,1,192,1,7,215040,0.0,2.1504e-05,0,2.1504e-05,5.103e-05,0.0,5.103e-05,7.2534e-05,5.103e-05
155,conv2d_49,1,1,160,13,25,52000,1,1,192,13,25,62400,0,1,192,1,1,30720,0.0,3.072e-06,0,3.072e-06,9.75e-06,0.0,9.75e-06,1.2822e-05,9.75e-06
156,batch_normalization_40,1,1,192,15,21,60480,1,1,192,15,21,60480,0,0,0,0,0,0,0.0,0.0,0,0.0,0.0,1.89e-06,1.89e-06,1.89e-06,1.89e-06
157,batch_normalization_43,1,1,192,15,21,60480,1,1,192,15,21,60480,0,0,0,0,0,0,0.0,0.0,0,0.0,0.0,1.89e-06,1.89e-06,1.89e-06,1.89e-06
158,batch_normalization_48,1,1,192,15,21,60480,1,1,192,15,21,60480,0,0,0,0,0,0,0.0,0.0,0,0.0,0.0,1.89e-06,1.89e-06,1.89e-06,1.89e-06
159,batch_normalization_49,1,1,192,13,25,62400,1,1,192,13,25,62400,0,0,0,0,0,0,0.0,0.0,0,0.0,0.0,1.95e-06,1.95e-06,1.95e-06,1.95e-06
160,activation_89,1,1,192,15,21,60480,1,1,192,15,21,60480,0,0,0,0,0,0,0.0,0.0,0,0.0,0.0,1.89e-06,1.89e-06,1.89e-06,1.89e-06
161,activation_92,1,1,192,15,21,60480,1,1,192,15,21,60480,0,0,0,0,0,0,0.0,0.0,0,0.0,0.0,1.89e-06,1.89e-06,1.89e-06,1.89e-06
162,activation_97,1,1,192,15,21,60480,1,1,192,15,21,60480,0,0,0,0,0,0,0.0,0.0,0,0.0,0.0,1.89e-06,1.89e-06,1.89e-06,1.89e-06
163,activation_98,1,1,192,13,25,62400,1,1,192,13,25,62400,0,0,0,0,0,0,0.0,0.0,0,0.0,0.0,1.95e-06,1.95e-06,1.95e-06,1.95e-06
164,mixed5,1,1,192,13,25,243840,1,1,768,13,25,249600,0,0,0,0,0,0,1.8144e-05,0.0,0,1.8144e-05,0.0,0.0,0.0,1.8144e-05,1.8144e-05
165,conv2d_54,1,1,768,13,25,249600,1,1,160,13,25,52000,0,1,160,1,1,122880,0.0,1.2288e-05,0,1.2288e-05,3.9e-05,0.0,3.9e-05,5.1288e-05,3.9e-05
166,batch_normalization_54,1,1,160,13,25,52000,1,1,160,13,25,52000,0,0,0,0,0,0,0.0,0.0,0,0.0,0.0,1.625e-06,1.625e-06,1.625e-06,1.625e-06
167,activation_103,1,1,160,13,25,52000,1,1,160,13,25,52000,0,0,0,0,0,0,0.0,0.0,0,0.0,0.0,1.625e-06,1.625e-06,1.625e-06,1.625e-06
168,conv2d_55,1,1,160,13,25,52000,1,1,160,7,31,34720,0,1,160,7,1,179200,0.0,1.792e-05,0,1.792e-05,5.6875e-05,0.0,5.6875e-05,7.4795e-05,5.6875e-05
169,batch_normalization_55,1,1,160,7,31,34720,1,1,160,7,31,34720,0,0,0,0,0,0,0.0,0.0,0,0.0,0.0,1.085e-06,1.085e-06,1.085e-06,1.085e-06
170,activation_104,1,1,160,7,31,34720,1,1,160,7,31,34720,0,0,0,0,0,0,0.0,0.0,0,0.0,0.0,1.085e-06,1.085e-06,1.085e-06,1.085e-06
171,conv2d_51,1,1,768,13,25,249600,1,1,160,13,25,52000,0,1,160,1,1,122880,0.0,1.2288e-05,0,1.2288e-05,3.9e-05,0.0,3.9e-05,5.1288e-05,3.9e-05
172,conv2d_56,1,1,160,7,31,34720,1,1,160,13,25,52000,0,1,160,1,7,179200,0.0,1.792e-05,0,1.792e-05,3.7975e-05,0.0,3.7975e-05,5.5895000000000006e-05,3.7975e-05
173,batch_normalization_51,1,1,160,13,25,52000,1,1,160,13,25,52000,0,0,0,0,0,0,0.0,0.0,0,0.0,0.0,1.625e-06,1.625e-06,1.625e-06,1.625e-06
174,batch_normalization_56,1,1,160,13,25,52000,1,1,160,13,25,52000,0,0,0,0,0,0,0.0,0.0,0,0.0,0.0,1.625e-06,1.625e-06,1.625e-06,1.625e-06
175,activation_100,1,1,160,13,25,52000,1,1,160,13,25,52000,0,0,0,0,0,0,0.0,0.0,0,0.0,0.0,1.625e-06,1.625e-06,1.625e-06,1.625e-06
176,activation_105,1,1,160,13,25,52000,1,1,160,13,25,52000,0,0,0,0,0,0,0.0,0.0,0,0.0,0.0,1.625e-06,1.625e-06,1.625e-06,1.625e-06
177,conv2d_52,1,1,160,13,25,52000,1,1,160,19,19,57760,0,1,160,1,7,179200,0.0,1.792e-05,0,1.792e-05,5.6875e-05,0.0,5.6875e-05,7.4795e-05,5.6875e-05
178,conv2d_57,1,1,160,13,25,52000,1,1,160,7,31,34720,0,1,160,7,1,179200,0.0,1.792e-05,0,1.792e-05,5.6875e-05,0.0,5.6875e-05,7.4795e-05,5.6875e-05
179,batch_normalization_52,1,1,160,19,19,57760,1,1,160,19,19,57760,0,0,0,0,0,0,0.0,0.0,0,0.0,0.0,1.805e-06,1.805e-06,1.805e-06,1.805e-06
180,batch_normalization_57,1,1,160,7,31,34720,1,1,160,7,31,34720,0,0,0,0,0,0,0.0,0.0,0,0.0,0.0,1.085e-06,1.085e-06,1.085e-06,1.085e-06
181,activation_101,1,1,160,19,19,57760,1,1,160,19,19,57760,0,0,0,0,0,0,0.0,0.0,0,0.0,0.0,1.805e-06,1.805e-06,1.805e-06,1.805e-06
182,activation_106,1,1,160,7,31,34720,1,1,160,7,31,34720,0,0,0,0,0,0,0.0,0.0,0,0.0,0.0,1.085e-06,1.085e-06,1.085e-06,1.085e-06
183,average_pooling2d_5,1,1,768,13,25,249600,1,1,160,11,29,51040,0,0,0,0,0,0,0.0,0.0,0,0.0,0.0,7.8e-06,7.8e-06,7.8e-06,7.8e-06
184,conv2d_50,1,1,768,13,25,249600,1,1,192,13,25,62400,0,1,192,1,1,147456,0.0,1.47456e-05,0,1.47456e-05,4.68e-05,0.0,4.68e-05,6.15456e-05,4.68e-05
185,conv2d_53,1,1,160,19,19,57760,1,1,192,13,25,62400,0,1,192,7,1,215040,0.0,2.1504e-05,0,2.1504e-05,7.581e-05,0.0,7.581e-05,9.7314e-05,7.581e-05
186,conv2d_58,1,1,160,7,31,34720,1,1,192,13,25,62400,0,1,192,1,7,215040,0.0,2.1504e-05,0,2.1504e-05,4.557e-05,0.0,4.557e-05,6.7074e-05,4.557e-05
187,conv2d_59,1,1,160,11,29,51040,1,1,192,11,29,61248,0,1,192,1,1,30720,0.0,3.072e-06,0,3.072e-06,9.57e-06,0.0,9.57e-06,1.2642e-05,9.57e-06
188,batch_normalization_50,1,1,192,13,25,62400,1,1,192,13,25,62400,0,0,0,0,0,0,0.0,0.0,0,0.0,0.0,1.95e-06,1.95e-06,1.95e-06,1.95e-06
189,batch_normalization_53,1,1,192,13,25,62400,1,1,192,13,25,62400,0,0,0,0,0,0,0.0,0.0,0,0.0,0.0,1.95e-06,1.95e-06,1.95e-06,1.95e-06
190,batch_normalization_58,1,1,192,13,25,62400,1,1,192,13,25,62400,0,0,0,0,0,0,0.0,0.0,0,0.0,0.0,1.95e-06,1.95e-06,1.95e-06,1.95e-06
191,batch_normalization_59,1,1,192,11,29,61248,1,1,192,11,29,61248,0,0,0,0,0,0,0.0,0.0,0,0.0,0.0,1.914e-06,1.914e-06,1.914e-06,1.914e-06
192,activation_99,1,1,192,13,25,62400,1,1,192,13,25,62400,0,0,0,0,0,0,0.0,0.0,0,0.0,0.0,1.95e-06,1.95e-06,1.95e-06,1.95e-06
193,activation_102,1,1,192,13,25,62400,1,1,192,13,25,62400,0,0,0,0,0,0,0.0,0.0,0,0.0,0.0,1.95e-06,1.95e-06,1.95e-06,1.95e-06
194,activation_107,1,1,192,13,25,62400,1,1,192,13,25,62400,0,0,0,0,0,0,0.0,0.0,0,0.0,0.0,1.95e-06,1.95e-06,1.95e-06,1.95e-06
195,activation_108,1,1,192,11,29,61248,1,1,192,11,29,61248,0,0,0,0,0,0,0.0,0.0,0,0.0,0.0,1.914e-06,1.914e-06,1.914e-06,1.914e-06
196,mixed6,1,1,192,11,29,248448,1,1,768,11,29,244992,0,0,0,0,0,0,1.872e-05,0.0,0,1.872e-05,0.0,0.0,0.0,1.872e-05,1.872e-05
197,conv2d_64,1,1,768,11,29,244992,1,1,192,11,29,61248,0,1,192,1,1,147456,0.0,1.47456e-05,0,1.47456e-05,4.5936e-05,0.0,4.5936e-05,6.06816e-05,4.5936e-05
198,batch_normalization_64,1,1,192,11,29,61248,1,1,192,11,29,61248,0,0,0,0,0,0,0.0,0.0,0,0.0,0.0,1.914e-06,1.914e-06,1.914e-06,1.914e-06
199,activation_113,1,1,192,11,29,61248,1,1,192,11,29,61248,0,0,0,0,0,0,0.0,0.0,0,0.0,0.0,1.914e-06,1.914e-06,1.914e-06,1.914e-06
200,conv2d_65,1,1,192,11,29,61248,1,1,192,5,35,33600,0,1,192,7,1,258048,0.0,2.58048e-05,0,2.58048e-05,8.0388e-05,0.0,8.0388e-05,0.0001061928,8.0388e-05
201,batch_normalization_65,1,1,192,5,35,33600,1,1,192,5,35,33600,0,0,0,0,0,0,0.0,0.0,0,0.0,0.0,1.05e-06,1.05e-06,1.05e-06,1.05e-06
202,activation_114,1,1,192,5,35,33600,1,1,192,5,35,33600,0,0,0,0,0,0,0.0,0.0,0,0.0,0.0,1.05e-06,1.05e-06,1.05e-06,1.05e-06
203,conv2d_61,1,1,768,11,29,244992,1,1,192,11,29,61248,0,1,192,1,1,147456,0.0,1.47456e-05,0,1.47456e-05,4.5936e-05,0.0,4.5936e-05,6.06816e-05,4.5936e-05
204,conv2d_66,1,1,192,5,35,33600,1,1,192,11,29,61248,0,1,192,1,7,258048,0.0,2.58048e-05,0,2.58048e-05,4.41e-05,0.0,4.41e-05,6.99048e-05,4.41e-05
205,batch_normalization_61,1,1,192,11,29,61248,1,1,192,11,29,61248,0,0,0,0,0,0,0.0,0.0,0,0.0,0.0,1.914e-06,1.914e-06,1.914e-06,1.914e-06
206,batch_normalization_66,1,1,192,11,29,61248,1,1,192,11,29,61248,0,0,0,0,0,0,0.0,0.0,0,0.0,0.0,1.914e-06,1.914e-06,1.914e-06,1.914e-06
207,activation_110,1,1,192,11,29,61248,1,1,192,11,29,61248,0,0,0,0,0,0,0.0,0.0,0,0.0,0.0,1.914e-06,1.914e-06,1.914e-06,1.914e-06
208,activation_115,1,1,192,11,29,61248,1,1,192,11,29,61248,0,0,0,0,0,0,0.0,0.0,0,0.0,0.0,1.914e-06,1.914e-06,1.914e-06,1.914e-06
209,conv2d_62,1,1,192,11,29,61248,1,1,192,17,23,75072,0,1,192,1,7,258048,0.0,2.58048e-05,0,2.58048e-05,8.0388e-05,0.0,8.0388e-05,0.0001061928,8.0388e-05
210,conv2d_67,1,1,192,11,29,61248,1,1,192,5,35,33600,0,1,192,7,1,258048,0.0,2.58048e-05,0,2.58048e-05,8.0388e-05,0.0,8.0388e-05,0.0001061928,8.0388e-05
211,batch_normalization_62,1,1,192,17,23,75072,1,1,192,17,23,75072,0,0,0,0,0,0,0.0,0.0,0,0.0,0.0,2.346e-06,2.346e-06,2.346e-06,2.346e-06
212,batch_normalization_67,1,1,192,5,35,33600,1,1,192,5,35,33600,0,0,0,0,0,0,0.0,0.0,0,0.0,0.0,1.05e-06,1.05e-06,1.05e-06,1.05e-06
213,activation_111,1,1,192,17,23,75072,1,1,192,17,23,75072,0,0,0,0,0,0,0.0,0.0,0,0.0,0.0,2.346e-06,2.346e-06,2.346e-06,2.346e-06
214,activation_116,1,1,192,5,35,33600,1,1,192,5,35,33600,0,0,0,0,0,0,0.0,0.0,0,0.0,0.0,1.05e-06,1.05e-06,1.05e-06,1.05e-06
215,average_pooling2d_6,1,1,768,11,29,244992,1,1,192,9,33,57024,0,0,0,0,0,0,0.0,0.0,0,0.0,0.0,7.656e-06,7.656e-06,7.656e-06,7.656e-06
216,conv2d_60,1,1,768,11,29,244992,1,1,192,11,29,61248,0,1,192,1,1,147456,0.0,1.47456e-05,0,1.47456e-05,4.5936e-05,0.0,4.5936e-05,6.06816e-05,4.5936e-05
217,conv2d_63,1,1,192,17,23,75072,1,1,192,11,29,61248,0,1,192,7,1,258048,0.0,2.58048e-05,0,2.58048e-05,9.8532e-05,0.0,9.8532e-05,0.0001243368,9.8532e-05
218,conv2d_68,1,1,192,5,35,33600,1,1,192,11,29,61248,0,1,192,1,7,258048,0.0,2.58048e-05,0,2.58048e-05,4.41e-05,0.0,4.41e-05,6.99048e-05,4.41e-05
219,conv2d_69,1,1,192,9,33,57024,1,1,192,9,33,57024,0,1,192,1,1,36864,0.0,3.6864e-06,0,3.6864e-06,1.0692e-05,0.0,1.0692e-05,1.4378400000000001e-05,1.0692e-05
220,batch_normalization_60,1,1,192,11,29,61248,1,1,192,11,29,61248,0,0,0,0,0,0,0.0,0.0,0,0.0,0.0,1.914e-06,1.914e-06,1.914e-06,1.914e-06
221,batch_normalization_63,1,1,192,11,29,61248,1,1,192,11,29,61248,0,0,0,0,0,0,0.0,0.0,0,0.0,0.0,1.914e-06,1.914e-06,1.914e-06,1.914e-06
222,batch_normalization_68,1,1,192,11,29,61248,1,1,192,11,29,61248,0,0,0,0,0,0,0.0,0.0,0,0.0,0.0,1.914e-06,1.914e-06,1.914e-06,1.914e-06
223,batch_normalization_69,1,1,192,9,33,57024,1,1,192,9,33,57024,0,0,0,0,0,0,0.0,0.0,0,0.0,0.0,1.782e-06,1.782e-06,1.782e-06,1.782e-06
224,activation_109,1,1,192,11,29,61248,1,1,192,11,29,61248,0,0,0,0,0,0,0.0,0.0,0,0.0,0.0,1.914e-06,1.914e-06,1.914e-06,1.914e-06
225,activation_112,1,1,192,11,29,61248,1,1,192,11,29,61248,0,0,0,0,0,0,0.0,0.0,0,0.0,0.0,1.914e-06,1.914e-06,1.914e-06,1.914e-06
226,activation_117,1,1,192,11,29,61248,1,1,192,11,29,61248,0,0,0,0,0,0,0.0,0.0,0,0.0,0.0,1.914e-06,1.914e-06,1.914e-06,1.914e-06
227,activation_118,1,1,192,9,33,57024,1,1,192,9,33,57024,0,0,0,0,0,0,0.0,0.0,0,0.0,0.0,1.782e-06,1.782e-06,1.782e-06,1.782e-06
228,mixed7,1,1,192,9,33,240768,1,1,768,9,33,228096,0,0,0,0,0,0,1.83744e-05,0.0,0,1.83744e-05,0.0,0.0,0.0,1.83744e-05,1.83744e-05
229,conv2d_72,1,1,768,9,33,228096,1,1,192,9,33,57024,0,1,192,1,1,147456,0.0,1.47456e-05,0,1.47456e-05,4.2768e-05,0.0,4.2768e-05,5.7513600000000004e-05,4.2768e-05
230,batch_normalization_72,1,1,192,9,33,57024,1,1,192,9,33,57024,0,0,0,0,0,0,0.0,0.0,0,0.0,0.0,1.782e-06,1.782e-06,1.782e-06,1.782e-06
231,activation_121,1,1,192,9,33,57024,1,1,192,9,33,57024,0,0,0,0,0,0,0.0,0.0,0,0.0,0.0,1.782e-06,1.782e-06,1.782e-06,1.782e-06
232,conv2d_73,1,1,192,9,33,57024,1,1,192,15,27,77760,0,1,192,1,7,258048,0.0,2.58048e-05,0,2.58048e-05,7.4844e-05,0.0,7.4844e-05,0.0001006488,7.4844e-05
233,batch_normalization_73,1,1,192,15,27,77760,1,1,192,15,27,77760,0,0,0,0,0,0,0.0,0.0,0,0.0,0.0,2.43e-06,2.43e-06,2.43e-06,2.43e-06
234,activation_122,1,1,192,15,27,77760,1,1,192,15,27,77760,0,0,0,0,0,0,0.0,0.0,0,0.0,0.0,2.43e-06,2.43e-06,2.43e-06,2.43e-06
235,conv2d_70,1,1,768,9,33,228096,1,1,192,9,33,57024,0,1,192,1,1,147456,0.0,1.47456e-05,0,1.47456e-05,4.2768e-05,0.0,4.2768e-05,5.7513600000000004e-05,4.2768e-05
236,conv2d_74,1,1,192,15,27,77760,1,1,192,9,33,57024,0,1,192,7,1,258048,0.0,2.58048e-05,0,2.58048e-05,0.00010206,0.0,0.00010206,0.0001278648,0.00010206
237,batch_normalization_70,1,1,192,9,33,57024,1,1,192,9,33,57024,0,0,0,0,0,0,0.0,0.0,0,0.0,0.0,1.782e-06,1.782e-06,1.782e-06,1.782e-06
238,batch_normalization_74,1,1,192,9,33,57024,1,1,192,9,33,57024,0,0,0,0,0,0,0.0,0.0,0,0.0,0.0,1.782e-06,1.782e-06,1.782e-06,1.782e-06
239,activation_119,1,1,192,9,33,57024,1,1,192,9,33,57024,0,0,0,0,0,0,0.0,0.0,0,0.0,0.0,1.782e-06,1.782e-06,1.782e-06,1.782e-06
240,activation_123,1,1,192,9,33,57024,1,1,192,9,33,57024,0,0,0,0,0,0,0.0,0.0,0,0.0,0.0,1.782e-06,1.782e-06,1.782e-06,1.782e-06
241,conv2d_71,1,1,192,9,33,57024,1,2,320,4,16,20480,0,1,320,3,3,552960,0.0,5.5296e-05,0,5.5296e-05,3.456e-05,0.0,3.456e-05,8.9856e-05,5.5296e-05
242,conv2d_75,1,1,192,9,33,57024,1,2,192,4,16,12288,0,1,192,3,3,331776,0.0,3.31776e-05,0,3.31776e-05,2.0736e-05,0.0,2.0736e-05,5.39136e-05,3.31776e-05
243,batch_normalization_71,1,1,320,4,16,20480,1,1,320,4,16,20480,0,0,0,0,0,0,0.0,0.0,0,0.0,0.0,6.4e-07,6.4e-07,6.4e-07,6.4e-07
244,batch_normalization_75,1,1,192,4,16,12288,1,1,192,4,16,12288,0,0,0,0,0,0,0.0,0.0,0,0.0,0.0,3.84e-07,3.84e-07,3.84e-07,3.84e-07
245,activation_120,1,1,320,4,16,20480,1,1,320,4,16,20480,0,0,0,0,0,0,0.0,0.0,0,0.0,0.0,6.4e-07,6.4e-07,6.4e-07,6.4e-07
246,activation_124,1,1,192,4,16,12288,1,1,192,4,16,12288,0,0,0,0,0,0,0.0,0.0,0,0.0,0.0,3.84e-07,3.84e-07,3.84e-07,3.84e-07
247,max_pooling2d_4,1,1,768,9,33,228096,1,2,192,4,16,12288,0,0,0,0,0,0,0.0,0.0,0,0.0,0.0,7.128e-06,7.128e-06,7.128e-06,7.128e-06
248,mixed8,1,1,192,4,16,45056,1,1,704,4,16,45056,0,0,0,0,0,0,3.2768e-06,0.0,0,3.2768e-06,0.0,0.0,0.0,3.2768e-06,3.2768e-06
249,conv2d_80,1,1,704,4,16,45056,1,1,448,4,16,28672,0,1,448,1,1,315392,0.0,3.15392e-05,0,3.15392e-05,1.9712e-05,0.0,1.9712e-05,5.12512e-05,3.15392e-05
250,batch_normalization_80,1,1,448,4,16,28672,1,1,448,4,16,28672,0,0,0,0,0,0,0.0,0.0,0,0.0,0.0,8.96e-07,8.96e-07,8.96e-07,8.96e-07
251,activation_129,1,1,448,4,16,28672,1,1,448,4,16,28672,0,0,0,0,0,0,0.0,0.0,0,0.0,0.0,8.96e-07,8.96e-07,8.96e-07,8.96e-07
252,conv2d_77,1,1,704,4,16,45056,1,1,384,4,16,24576,0,1,384,1,1,270336,0.0,2.70336e-05,0,2.70336e-05,1.6896e-05,0.0,1.6896e-05,4.39296e-05,2.70336e-05
253,conv2d_81,1,1,448,4,16,28672,1,1,384,4,16,24576,0,1,384,3,3,1548288,0.0,0.0001548288,0,0.0001548288,9.6768e-05,0.0,9.6768e-05,0.00025159680000000004,0.0001548288
254,batch_normalization_77,1,1,384,4,16,24576,1,1,384,4,16,24576,0,0,0,0,0,0,0.0,0.0,0,0.0,0.0,7.68e-07,7.68e-07,7.68e-07,7.68e-07
255,batch_normalization_81,1,1,384,4,16,24576,1,1,384,4,16,24576,0,0,0,0,0,0,0.0,0.0,0,0.0,0.0,7.68e-07,7.68e-07,7.68e-07,7.68e-07
256,activation_126,1,1,384,4,16,24576,1,1,384,4,16,24576,0,0,0,0,0,0,0.0,0.0,0,0.0,0.0,7.68e-07,7.68e-07,7.68e-07,7.68e-07
257,activation_130,1,1,384,4,16,24576,1,1,384,4,16,24576,0,0,0,0,0,0,0.0,0.0,0,0.0,0.0,7.68e-07,7.68e-07,7.68e-07,7.68e-07
258,conv2d_78,1,1,384,4,16,24576,1,1,384,6,14,32256,0,1,384,1,3,442368,0.0,4.42368e-05,0,4.42368e-05,2.7648e-05,0.0,2.7648e-05,7.18848e-05,4.42368e-05
259,conv2d_79,1,1,384,4,16,24576,1,1,384,2,18,13824,0,1,384,3,1,442368,0.0,4.42368e-05,0,4.42368e-05,2.7648e-05,0.0,2.7648e-05,7.18848e-05,4.42368e-05
260,conv2d_82,1,1,384,4,16,24576,1,1,384,6,14,32256,0,1,384,1,3,442368,0.0,4.42368e-05,0,4.42368e-05,2.7648e-05,0.0,2.7648e-05,7.18848e-05,4.42368e-05
261,conv2d_83,1,1,384,4,16,24576,1,1,384,2,18,13824,0,1,384,3,1,442368,0.0,4.42368e-05,0,4.42368e-05,2.7648e-05,0.0,2.7648e-05,7.18848e-05,4.42368e-05
262,average_pooling2d_7,1,1,704,4,16,45056,1,1,384,2,16,12288,0,0,0,0,0,0,0.0,0.0,0,0.0,0.0,1.408e-06,1.408e-06,1.408e-06,1.408e-06
263,conv2d_76,1,1,704,4,16,45056,1,1,320,4,16,20480,0,1,320,1,1,225280,0.0,2.2528e-05,0,2.2528e-05,1.408e-05,0.0,1.408e-05,3.6608e-05,2.2528e-05
264,batch_normalization_78,1,1,384,6,14,32256,1,1,384,6,14,32256,0,0,0,0,0,0,0.0,0.0,0,0.0,0.0,1.008e-06,1.008e-06,1.008e-06,1.008e-06
265,batch_normalization_79,1,1,384,2,18,13824,1,1,384,2,18,13824,0,0,0,0,0,0,0.0,0.0,0,0.0,0.0,4.32e-07,4.32e-07,4.32e-07,4.32e-07
266,batch_normalization_82,1,1,384,6,14,32256,1,1,384,6,14,32256,0,0,0,0,0,0,0.0,0.0,0,0.0,0.0,1.008e-06,1.008e-06,1.008e-06,1.008e-06
267,batch_normalization_83,1,1,384,2,18,13824,1,1,384,2,18,13824,0,0,0,0,0,0,0.0,0.0,0,0.0,0.0,4.32e-07,4.32e-07,4.32e-07,4.32e-07
268,conv2d_84,1,1,384,2,16,12288,1,1,192,2,16,6144,0,1,192,1,1,73728,0.0,7.3728e-06,0,7.3728e-06,2.304e-06,0.0,2.304e-06,9.6768e-06,7.3728e-06
269,batch_normalization_76,1,1,320,4,16,20480,1,1,320,4,16,20480,0,0,0,0,0,0,0.0,0.0,0,0.0,0.0,6.4e-07,6.4e-07,6.4e-07,6.4e-07
270,activation_127,1,1,384,6,14,32256,1,1,384,6,14,32256,0,0,0,0,0,0,0.0,0.0,0,0.0,0.0,1.008e-06,1.008e-06,1.008e-06,1.008e-06
271,activation_128,1,1,384,2,18,13824,1,1,384,2,18,13824,0,0,0,0,0,0,0.0,0.0,0,0.0,0.0,4.32e-07,4.32e-07,4.32e-07,4.32e-07
272,activation_131,1,1,384,6,14,32256,1,1,384,6,14,32256,0,0,0,0,0,0,0.0,0.0,0,0.0,0.0,1.008e-06,1.008e-06,1.008e-06,1.008e-06
273,activation_132,1,1,384,2,18,13824,1,1,384,2,18,13824,0,0,0,0,0,0,0.0,0.0,0,0.0,0.0,4.32e-07,4.32e-07,4.32e-07,4.32e-07
274,batch_normalization_84,1,1,192,2,16,6144,1,1,192,2,16,6144,0,0,0,0,0,0,0.0,0.0,0,0.0,0.0,1.92e-07,1.92e-07,1.92e-07,1.92e-07
275,activation_125,1,1,320,4,16,20480,1,1,320,4,16,20480,0,0,0,0,0,0,0.0,0.0,0,0.0,0.0,6.4e-07,6.4e-07,6.4e-07,6.4e-07
276,mixed9_0,1,1,384,2,18,46080,1,1,768,2,18,27648,0,0,0,0,0,0,3.2256e-06,0.0,0,3.2256e-06,0.0,0.0,0.0,3.2256e-06,3.2256e-06
277,concatenate,1,1,384,2,18,46080,1,1,768,2,18,27648,0,0,0,0,0,0,3.2256e-06,0.0,0,3.2256e-06,0.0,0.0,0.0,3.2256e-06,3.2256e-06
278,activation_133,1,1,192,2,16,6144,1,1,192,2,16,6144,0,0,0,0,0,0,0.0,0.0,0,0.0,0.0,1.92e-07,1.92e-07,1.92e-07,1.92e-07
279,mixed9,1,1,192,2,16,81920,1,1,2048,2,16,65536,0,0,0,0,0,0,7.5776e-06,0.0,0,7.5776e-06,0.0,0.0,0.0,7.5776e-06,7.5776e-06
280,conv2d_89,1,1,2048,2,16,65536,1,1,448,2,16,14336,0,1,448,1,1,917504,0.0,9.17504e-05,0,9.17504e-05,2.8672e-05,0.0,2.8672e-05,0.0001204224,9.17504e-05
281,batch_normalization_89,1,1,448,2,16,14336,1,1,448,2,16,14336,0,0,0,0,0,0,0.0,0.0,0,0.0,0.0,4.48e-07,4.48e-07,4.48e-07,4.48e-07
282,activation_138,1,1,448,2,16,14336,1,1,448,2,16,14336,0,0,0,0,0,0,0.0,0.0,0,0.0,0.0,4.48e-07,4.48e-07,4.48e-07,4.48e-07
283,conv2d_86,1,1,2048,2,16,65536,1,1,384,2,16,12288,0,1,384,1,1,786432,0.0,7.86432e-05,0,7.86432e-05,2.4576e-05,0.0,2.4576e-05,0.0001032192,7.86432e-05
284,conv2d_90,1,1,448,2,16,14336,1,1,384,2,16,12288,0,1,384,3,3,1548288,0.0,0.0001548288,0,0.0001548288,4.8384e-05,0.0,4.8384e-05,0.0002032128,0.0001548288
285,batch_normalization_86,1,1,384,2,16,12288,1,1,384,2,16,12288,0,0,0,0,0,0,0.0,0.0,0,0.0,0.0,3.84e-07,3.84e-07,3.84e-07,3.84e-07
286,batch_normalization_90,1,1,384,2,16,12288,1,1,384,2,16,12288,0,0,0,0,0,0,0.0,0.0,0,0.0,0.0,3.84e-07,3.84e-07,3.84e-07,3.84e-07
287,activation_135,1,1,384,2,16,12288,1,1,384,2,16,12288,0,0,0,0,0,0,0.0,0.0,0,0.0,0.0,3.84e-07,3.84e-07,3.84e-07,3.84e-07
288,activation_139,1,1,384,2,16,12288,1,1,384,2,16,12288,0,0,0,0,0,0,0.0,0.0,0,0.0,0.0,3.84e-07,3.84e-07,3.84e-07,3.84e-07
289,conv2d_87,1,1,384,2,16,12288,1,1,384,4,14,21504,0,1,384,1,3,442368,0.0,4.42368e-05,0,4.42368e-05,1.3824e-05,0.0,1.3824e-05,5.8060800000000005e-05,4.42368e-05
290,conv2d_88,1,1,384,2,16,12288,1,1,384,0,18,0,0,1,384,3,1,442368,0.0,4.42368e-05,0,4.42368e-05,1.3824e-05,0.0,1.3824e-05,5.8060800000000005e-05,4.42368e-05
291,conv2d_91,1,1,384,2,16,12288,1,1,384,4,14,21504,0,1,384,1,3,442368,0.0,4.42368e-05,0,4.42368e-05,1.3824e-05,0.0,1.3824e-05,5.8060800000000005e-05,4.42368e-05
292,conv2d_92,1,1,384,2,16,12288,1,1,384,0,18,0,0,1,384,3,1,442368,0.0,4.42368e-05,0,4.42368e-05,1.3824e-05,0.0,1.3824e-05,5.8060800000000005e-05,4.42368e-05
293,average_pooling2d_8,1,1,2048,2,16,65536,1,1,384,0,16,0,0,0,0,0,0,0,0.0,0.0,0,0.0,0.0,2.048e-06,2.048e-06,2.048e-06,2.048e-06
294,conv2d_85,1,1,2048,2,16,65536,1,1,320,2,16,10240,0,1,320,1,1,655360,0.0,6.5536e-05,0,6.5536e-05,2.048e-05,0.0,2.048e-05,8.601600000000001e-05,6.5536e-05
295,batch_normalization_87,1,1,384,4,14,21504,1,1,384,4,14,21504,0,0,0,0,0,0,0.0,0.0,0,0.0,0.0,6.72e-07,6.72e-07,6.72e-07,6.72e-07
296,batch_normalization_88,1,1,384,0,18,0,1,1,384,0,18,0,0,0,0,0,0,0,0.0,0.0,0,0.0,0.0,0.0,0.0,0.0,0.0
297,batch_normalization_91,1,1,384,4,14,21504,1,1,384,4,14,21504,0,0,0,0,0,0,0.0,0.0,0,0.0,0.0,6.72e-07,6.72e-07,6.72e-07,6.72e-07
298,batch_normalization_92,1,1,384,0,18,0,1,1,384,0,18,0,0,0,0,0,0,0,0.0,0.0,0,0.0,0.0,0.0,0.0,0.0,0.0
299,conv2d_93,1,1,384,0,16,0,1,1,192,0,16,0,0,1,192,1,1,73728,0.0,7.3728e-06,0,7.3728e-06,0.0,0.0,0.0,7.3728e-06,7.3728e-06
300,batch_normalization_85,1,1,320,2,16,10240,1,1,320,2,16,10240,0,0,0,0,0,0,0.0,0.0,0,0.0,0.0,3.2e-07,3.2e-07,3.2e-07,3.2e-07
301,activation_136,1,1,384,4,14,21504,1,1,384,4,14,21504,0,0,0,0,0,0,0.0,0.0,0,0.0,0.0,6.72e-07,6.72e-07,6.72e-07,6.72e-07
302,activation_137,1,1,384,0,18,0,1,1,384,0,18,0,0,0,0,0,0,0,0.0,0.0,0,0.0,0.0,0.0,0.0,0.0,0.0
303,activation_140,1,1,384,4,14,21504,1,1,384,4,14,21504,0,0,0,0,0,0,0.0,0.0,0,0.0,0.0,6.72e-07,6.72e-07,6.72e-07,6.72e-07
304,activation_141,1,1,384,0,18,0,1,1,384,0,18,0,0,0,0,0,0,0,0.0,0.0,0,0.0,0.0,0.0,0.0,0.0,0.0
305,batch_normalization_93,1,1,192,0,16,0,1,1,192,0,16,0,0,0,0,0,0,0,0.0,0.0,0,0.0,0.0,0.0,0.0,0.0,0.0
306,activation_134,1,1,320,2,16,10240,1,1,320,2,16,10240,0,0,0,0,0,0,0.0,0.0,0,0.0,0.0,3.2e-07,3.2e-07,3.2e-07,3.2e-07
307,mixed9_1,1,1,384,0,18,21504,1,1,768,0,18,0,0,0,0,0,0,0,2.1504e-06,0.0,0,2.1504e-06,0.0,0.0,0.0,2.1504e-06,2.1504e-06
308,concatenate_1,1,1,384,0,18,21504,1,1,768,0,18,0,0,0,0,0,0,0,2.1504e-06,0.0,0,2.1504e-06,0.0,0.0,0.0,2.1504e-06,2.1504e-06
309,activation_142,1,1,192,0,16,0,1,1,192,0,16,0,0,0,0,0,0,0,0.0,0.0,0,0.0,0.0,0.0,0.0,0.0,0.0
310,mixed10,1,1,192,0,16,10240,1,1,2048,0,16,0,0,0,0,0,0,0,1.024e-06,0.0,0,1.024e-06,0.0,0.0,0.0,1.024e-06,1.024e-06
311,avg_pool,1,0,2048,0,16,0,1,1,2048,1,1,2048,0,0,0,0,0,0,0.0,0.0,0,0.0,0.0,0.0,0.0,0.0,0.0
312,predictions,1,1,2048,1,1,2048,1,1,1000,1,1,1000,0,0,0,0,0,0,0.0,0.0,0,0.0,2.064e-06,0.0,2.064e-06,2.064e-06,2.064e-06






Total Input feature map movement time = 0.22 ms
Total Filter co-efficient movement time = 2.00 ms
Total Output feature map data movement time = 0.00 ms
Total data movement time of network = 2.22 ms
Total Matrix compute time = 5.19 ms
Total Vector compute time = 0.71 ms
Total compute time of network = 5.90 ms
Total Serial total time = 8.12 ms
Total Parallel total time = 6.71 ms
